timestamp	feature	source_cli	status	notes
2025-03-31T14:30	provider-registry	OpenCode/Gemini	COMPLETE	Registry + OpenAI/Anthropic/Google providers
2025-03-31T14:35	tool-executor	OpenCode	COMPLETE	Executor with permission checks + builtin tools
2025-03-31T14:40	execute-plan-agents	OpenCode/ClaudeCode	COMPLETE	Execute agent (full tool access) + Plan agent (read-only)
2025-03-31T14:45	config-management	GeminiCLI	COMPLETE	.beast/config.json loading/saving with zod validation
2026-03-31T14:46:59+00:00	ink-tui	OpenCode	COMPLETE	ChatView, InputBar, BeastApp components with vim mode
2026-03-31T14:48:54+00:00	skills-loader	ClaudeCode	COMPLETE	SkillLoader with SKILL.md parsing and caching
2026-03-31T14:50:19+00:00	hooks-executor	ClaudeCode	COMPLETE	HookExecutor with before/after event support
2026-03-31T14:51:46+00:00	swarm-coordinator	ClaudeCode	COMPLETE	SwarmCoordinator with worktree isolation and merge
2026-03-31T14:52:44+00:00	web-search-interface	OpenCode	COMPLETE	WebSearch with DuckDuckGo engine and caching
2026-03-31T14:54:04+00:00	feature-flags	OpenCode	COMPLETE	FeatureFlagManager with persistence
2026-03-31T14:55:08+00:00	sandbox-config	ClaudeCode	COMPLETE	SandboxManager with docker/bwrap/firejail backends
